Date Added,Company ,Role,Contact Email,Fit Score,Status,Next Followup Date,Job Link,Notes,
2026-08-11 00:00:00,Plante Moran,Wealth Management Operations - Client Services Support,wealthops@plantemoran.com,85.0,Matched,,https://www.linkedin.com/jobs/view/wealth-management-operations-client-services-support-at-plante-moran-4407085030,🔴 [ 14-30d STALE ] | 🏢 On-Site / Unspecified | This is a non-sales back-office operations role in wealth management in Metro Detroit that aligns well with early-career tech and administrative support skills.,
2026-08-11 00:00:00,f,Client Services Associate,operations@hooverprivatewealth.com,85.0,Matched,,https://www.linkedin.com/jobs/view/client-services-associate-at-hoover-private-wealth-4443161645,"🔴 [ 14-30d STALE ] | 🏢 On-Site / Unspecified | This is a strong fit for an early-career back-office operations role in wealth management located in the target region, though it lacks explicit technical tool keywords.",
2026-08-11 00:00:00,Revolution Technologies,Financial Services Associate,operations@revolutiontechnologies.com,85.0,Matched,,https://www.linkedin.com/jobs/view/financial-services-associate-at-revolution-technologies-4445338644,"🔴 [ 14-30d STALE ] | 🏢 On-Site / Unspecified | This is an entry-level W-2 back-office financial operations role in Metro Detroit requiring Excel and CRM experience, aligning well with the target profile.",
2026-08-11 00:00:00,PNC,Wealth Advisor - PNC Wealth Management,wealthops@pnc.com,70.0,Matched,https://www.linkedin.com/jobs/view/wealth-advisor-pnc-wealth-management-at-pnc-4451555132,⚡ [1-3d RECENT] | 🏢 On-Site | Fallback pass on API failure,,
2026-08-11 00:00:00,Bonte Care,"Wealth Advisor: Planning, Investments & Client Growth",wealthops@bontecare.com,70.0,Matched,https://www.jobleads.com/us/job/wealth-advisor-planning-investments-client-growth--detroit--e467fc264ad55dafc6c0d73d971715b60,⚡ [1-3d RECENT] | 🏢 On-Site / Unspecified | Fallback pass on API failure,,
2026-08-11 00:00:00,Plante Moran,Wealth Management Operations - Client Services Support,wealthops@plantemoran.com,70.0,Matched,https://www.linkedin.com/jobs/view/wealth-management-operations-client-services-support-at-plante-moran-4407085030,💤 [14-30d STALE] | 🏢 On-Site / Unspecified | Fallback pass on API failure,,
2026-08-11 00:00:00,The Goldman Sachs Group,"Asset & Wealth Management - Private Wealth Management - Vice President, Private",wealthops@thegoldmansachsgroup.com,70.0,Matched,"https://jobs.localjobnetwork.com/j/t-Asset-Wealth-Management-Private-Wealth-Management-Vice-President-Private-e-The-Goldman-Sachs-Group-l-Detroit,-MI-jobs-j77423170.html",💤 [14-30d STALE] | 🏢 On-Site / Unspecified | Fallback pass on API failure,,
2026-08-11 00:00:00,Fidelity Investments,"Wealth Planner - Farmington Hills, MI",wealthops@fidelityinvestments.com,70.0,Matched,https://www.linkedin.com/jobs/view/wealth-planner-farmington-hills-mi-at-fidelity-investments-4449961211,📌 [3-7d ACTIVE] | 🏢 On-Site | Fallback pass on API failure,,
2026-08-11 00:00:00,AAA-The Auto Club Group,Business Intelligence Support Analyst,operations@aaatheautoclubgroup.com,92.0,Matched,https://www.linkedin.com/jobs/view/business-intelligence-support-analyst-at-aaa-the-auto-club-group-4440829907,"📌 [3-7d ACTIVE] | 🏫 Hybrid | The role is a perfect technical match for early-career data operations with required SQL skills, located in the target industry and region, and contains no sales or commission-based duties.",,
2026-08-11 00:00:00,Aptiv,QLIK Programmer / Quality Data Analyst,operations@aptiv.com,92.0,Matched,https://www.linkedin.com/jobs/view/qlik-programmer-quality-data-analyst-at-aptiv-4436351399,"📌 [3-7d ACTIVE] | 🏢 On-Site / Unspecified | This role is a strong fit as it is an analytical, non-sales technical position in the automotive sector that utilizes data tools like Excel and requires the exact type of back-office systems proficiency sought by the candidate.",,
2026-08-11 00:00:00,Blue Chip Talent,Production Support Analyst - #26343,operations@bluechiptalent.com,92.0,Matched,https://www.linkedin.com/jobs/view/production-support-analyst-%2326343-at-blue-chip-talent-4446101166,"⏳ [7-14d AGING] | 🏢 On-Site / Unspecified | This role is an excellent fit as it focuses on SQL, data systems, and production support in the Auto Tech sector without any sales or management requirements.",,
2026-08-11 00:00:00,Stripe,"Risk Operations Analyst, Financial Crimes",operations@stripe.com,92.0,Matched,https://stripe.com/careers/listing/risk-operations-analyst-financial-crimes/7974209,"⏳ [7-14d AGING] | 🏠 Remote | This role is a strong fit as it is a non-sales back-office operations position focusing on risk, process improvement, and data analysis, which aligns perfectly with the target profile.",,
2026-08-11 00:00:00,remote zest jobs,"Financial Operations Analyst, reputed company and Cash Conversion",operations@remotezestjobs.com,92.0,Matched,https://remotezest.up.railway.app/job/financial-operations-analyst-reputed-company-and-cash-conversion,"⚡ [1-3d RECENT] | 🏠 Remote | This role is an excellent fit as it is an entry-level financial operations position focusing on data analysis, invoicing, and SQL, with no sales or client-facing requirements.",,
2026-08-11 00:00:00,Affirm,[Remote] Analyst,operations@affirm.com,95.0,Matched,https://jobright.ai/jobs/info/6a62817bc28982326de972f7,"⏳ [7-14d AGING] | 🏠 Remote | The role is a perfect match for an early-career candidate as it prioritizes Python and SQL, focuses on back-office analytical operations in FinTech, and explicitly excludes sales functions.",,
2026-08-11 00:00:00,Blue Cross Blue Shield of Michigan,Business Systems Analyst,bizops@bluecrossblueshieldofmichigan.com,92.0,Matched,https://simplify.jobs/p/70455231-9789-43f9-8c24-defd9312e9f5/Business-Systems-Analyst,"📌 [3-7d ACTIVE] | 🏢 On-Site / Unspecified | This role is a strong fit as it is a non-sales, technical operation role in a stable industry requiring data analysis, process improvement, and system development skills suitable for early-career growth.",,
2026-08-11 00:00:00,AAA-The Auto Club Group,Business Intelligence Support Analyst,operations@aaatheautoclubgroup.com,92.0,Matched,https://www.linkedin.com/jobs/view/business-intelligence-support-analyst-at-aaa-the-auto-club-group-4440829907,📌 [3-7d ACTIVE] | 🏫 Hybrid | This is a strong fit for a junior-level technical back-office role in the Auto Tech industry requiring SQL and data analysis skills without any sales components.,,
2026-08-11 00:00:00,Aptiv,QLIK Programmer / Quality Data Analyst,operations@aptiv.com,92.0,Matched,https://www.linkedin.com/jobs/view/qlik-programmer-quality-data-analyst-at-aptiv-4436351399,"📌 [3-7d ACTIVE] | 🏢 On-Site / Unspecified | This role is a strong match as it focuses on data analysis and systems support within the Auto Tech sector in Metro Detroit, utilizing skills like SQL and Excel without any sales requirements.",,
2026-08-11 00:00:00,Blue Chip Talent,Production Support Analyst - #26343,operations@bluechiptalent.com,92.0,Matched,https://www.linkedin.com/jobs/view/production-support-analyst-%2326343-at-blue-chip-talent-4446101166,"⏳ [7-14d AGING] | 🏢 On-Site / Unspecified | The role perfectly aligns with the target profile by focusing on backend production support, SQL, and system integrations in an auto-tech context without sales or management requirements.",,
2026-08-11 00:00:00,remote zest jobs,"Financial Operations Analyst, reputed company and Cash Conversion",operations@remotezestjobs.com,92.0,Matched,https://remotezest.up.railway.app/job/financial-operations-analyst-reputed-company-and-cash-conversion,"⚡ [1-3d RECENT] | 🏠 Remote | The role is a strong fit as it is an operations-focused position requiring SQL and data analysis skills within the financial technology sector, matching the candidate's target profile and experience level.",,
2026-08-11 00:00:00,FlexBoard,Treasury & Lending Operations Analyst,operations@flexboard.com,92.0,Matched,https://flexboard.9y.liveblog365.com/job/3048761/,"📌 [3-7d ACTIVE] | 🏠 Remote | This role is a strong match as it focuses on back-office operations, data reconciliation, and process efficiency in the fintech sector without any sales components.",,
2026-08-11 00:00:00,AAA-The Auto Club Group,Business Intelligence Support Analyst,operations@aaatheautoclubgroup.com,90.0,Matched,https://www.linkedin.com/jobs/view/business-intelligence-support-analyst-at-aaa-the-auto-club-group-4440829907,📌 [3-7d ACTIVE] | 🏫 Hybrid | This is a strong fit for an early-career analyst role in the Auto Tech sector requiring core skills like SQL and data reconciliation in a back-office environment.,,
2026-08-11 00:00:00,Jomar Valve,Business Systems Analyst,bizops@jomarvalve.com,90.0,Matched,https://www.linkedin.com/jobs/view/business-systems-analyst-at-jomar-valve-4440754520,"💤 [14-30d STALE] | 🏫 Hybrid | This role is an excellent fit as it focuses on process automation, SQL, and back-office operations in the Metro Detroit area without any sales or commission-based requirements.",,
2026-08-11 00:00:00,IDEX Corp,Data Analyst Finance,operations@idexcorp.com,90.0,Matched,https://www.monster.com/job-openings/data-analyst-finance-west-henrietta-ny--33fb9f30-7dd7-43a7-bd1a-9931bf6d43f9,"💤 [14-30d STALE] | 🏠 Remote | The role is a strong match as it focuses on finance data transformation and reporting using analytical tools, is remote-friendly, and avoids the forbidden sales or management criteria.",,
2026-08-11 00:00:00,AAA-The Auto Club Group,Business Intelligence Support Analyst,operations@aaatheautoclubgroup.com,92.0,Matched,,https://www.linkedin.com/jobs/view/business-intelligence-support-analyst-at-aaa-the-auto-club-group-4440829907,📌 [3-7d ACTIVE] | 🏫 Hybrid | This role is a strong match for a back-office data/BI function in the automotive sector utilizing required SQL skills and requires no sales or client-facing revenue generation.,
2026-08-11 00:00:00,FlexBoard,Treasury & Lending Operations Analyst,operations@flexboard.com,92.0,Matched,,https://flexboard.9y.liveblog365.com/job/3048761/,"📌 [3-7d ACTIVE] | 🏠 Remote | This role is a strong match as it focuses on back-office financial operations, data reconciliation, and process automation within a non-sales, technical capacity.",
2026-08-11 00:00:00,Blue Cross Blue Shield of Michigan,Business Systems Analyst,bizops@bluecrossblueshieldofmichigan.com,90.0,Matched,,https://simplify.jobs/p/70455231-9789-43f9-8c24-defd9312e9f5/Business-Systems-Analyst,"📌 [3-7d ACTIVE] | 🏢 On-Site / Unspecified | This role is an excellent fit as it focuses on technical business systems analysis and process improvement within a non-sales environment, aligning well with the candidate's target profile.",
2026-08-11 00:00:00,Plante Moran,Wealth Management Operations - Client Services Support,wealthops@plantemoran.com,85.0,Matched,,https://www.linkedin.com/jobs/view/wealth-management-operations-client-services-support-at-plante-moran-4407085030,"💤 [14-30d STALE] | 🏢 On-Site / Unspecified | The role is a strong operational fit for a back-office financial services career, though the candidate's <2 years of experience slightly misses the stated 2+ years requirement.",
2026-08-11 00:00:00,Michigan Women Forward,Lending Operations Analyst: Build Stronger Loan Pipelines,operations@michiganwomenforward.com,85.0,Matched,,https://bebee.com/us/jobs/lending-operations-analyst-build-stronger-loan-pipelines-michigan-women-forward-detroit--lensa-7428_9f8289931aa5e5b351b3af79517e0555663d5a97359847f09dc8b591c815e7ac,"⏳ [7-14d AGING] | 🏢 On-Site / Unspecified | This role aligns with the target back-office operations profile in Detroit, requiring financial assessment and pipeline management skills suitable for an early-career professional without sales requirements.",
2026-08-11 00:00:00,Huntington,Foreign Exchange Operations Analyst,operations@huntington.com,100.0,Matched,,"https://www.ziprecruiter.com/c/Huntington/Job/Foreign-Exchange-Operations-Analyst/-in-Detroit,MI?jid=3033d691d8b99e0c",💤 [14-30d STALE] | 🏠 Remote | This is a strong fit for a back-office financial operations role in Metro Detroit that avoids sales and is suitable for an early-career candidate.,
2026-08-11 00:00:00,AAA-The Auto Club Group,Business Intelligence Support Analyst,operations@aaatheautoclubgroup.com,100.0,Matched,,https://www.linkedin.com/jobs/view/business-intelligence-support-analyst-at-aaa-the-auto-club-group-4440829907,"📌 [3-7d ACTIVE] | 🏫 Hybrid | The role is a high-fit entry-to-mid-level operations support position in the auto-tech sector utilizing SQL, data analysis, and process improvement without sales requirements.",
2026-08-11 00:00:00,Jomar Valve,Business Systems Analyst,bizops@jomarvalve.com,100.0,Matched,,https://www.linkedin.com/jobs/view/business-systems-analyst-at-jomar-valve-4440754520,"💤 [14-30d STALE] | 🏫 Hybrid | This role is a strong fit for an early-career analyst in Metro Detroit focused on internal process automation, SQL, and data reporting within an industrial/tech-adjacent environment.",
2026-08-11 00:00:00,remote zest jobs,"Financial Operations Analyst, reputed company and Cash Conversion",operations@remotezestjobs.com,100.0,Matched,,https://remotezest.up.railway.app/job/financial-operations-analyst-reputed-company-and-cash-conversion,"⚡ [1-3d RECENT] | 🏠 Remote | This role is an excellent fit as it is an entry-level Financial Operations position requiring SQL and data analysis skills in a non-sales, back-office capacity.",
2026-08-11 00:00:00,Affirm,Strategic Finance Analyst II (Revenue),operations@affirm.com,100.0,Matched,,https://www.builtinchicago.org/job/strategic-finance-analyst-ii-revenue/9278571,"💤 [14-30d STALE] | 🏠 Remote | The role is a strong analytical fit for the candidate's skills, though it borders on the 2-year experience threshold and involves high-level internal stakeholder management rather than pure operations.",
2026-08-11 00:00:00,AAA-The Auto Club Group,Business Intelligence Support Analyst,operations@aaatheautoclubgroup.com,100.0,Matched,2026-08-15 00:00:00,https://www.linkedin.com/jobs/view/business-intelligence-support-analyst-at-aaa-the-auto-club-group-4440829907,"📌 [3-7d ACTIVE] | 🏫 Hybrid | This is a strong match as it is a non-sales, back-office analytical role in the Auto Tech industry requiring SQL and data management skills suitable for an early-career candidate.",
2026-08-11 00:00:00,Jomar Valve,Business Systems Analyst,bizops@jomarvalve.com,95.0,Matched,2026-08-15 00:00:00,https://www.linkedin.com/jobs/view/business-systems-analyst-at-jomar-valve-4440754520,💤 [14-30d STALE] | 🏫 Hybrid | This role is a strong fit as it is an entry-level technical operations position in a relevant industry located in Metro Detroit that prioritizes SQL and process automation.,
2026-08-11 00:00:00,Huntington,Foreign Exchange Operations Analyst,operations@huntington.com,90.0,Matched,2026-08-15 00:00:00,"https://www.ziprecruiter.com/c/Huntington/Job/Foreign-Exchange-Operations-Analyst/-in-Detroit,MI?jid=3033d691d8b99e0c",💤 [14-30d STALE] | 🏠 Remote | This is a strong fit as a back-office financial operations role in Metro Detroit that avoids sales and management while leveraging reconciliation and Excel skills.,
2026-08-11 00:00:00,KPMG US,Experienced Associate - Global Trade Shared Services - Data Analytics,operations@kpmgus.com,90.0,Matched,2026-08-15 00:00:00,https://www.linkedin.com/jobs/view/experienced-associate-global-trade-shared-services-data-analytics-at-kpmg-us-4444865747,"⏳ [7-14d AGING] | 🏢 On-Site | This role aligns well with the technical focus on data analytics and Excel proficiency, fitting the entry-level career stage and back-office operations requirement.",
2026-08-11 00:00:00,"LIPARI FOODS OPERATING COMPANY, LLC",Financial Analyst- Supply Chain,operations@liparifoodsoperatingcompanyllc.com,90.0,Matched,2026-08-15 00:00:00,"https://www.ziprecruiter.com/c/LIPARI-FOODS-OPERATING/Job/Financial-Analyst-Supply-Chain/-in-Warren,MI?jid=55177e197bd89902","💤 [14-30d STALE] | 🏢 On-Site / Unspecified | This is a non-sales, analytical back-office role in Metro Detroit that aligns with entry-level financial analysis and systems usage requirements.",
2026-08-11 00:00:00,AAA-The Auto Club Group,Business Intelligence Support Analyst,operations@aaatheautoclubgroup.com,100.0,Matched,2026-08-15 00:00:00,https://www.linkedin.com/jobs/view/business-intelligence-support-analyst-at-aaa-the-auto-club-group-4440829907,"[2026-08-11] 🟢 [3-7d ACTIVE] | 🏢 Hybrid | This role is a strong match as it focuses on back-office BI support and data analysis within the automotive sector, requiring SQL and technical reporting skills while avoiding forbidden sales or senior management responsibilities.",
2026-08-11 00:00:00,Jomar Valve,Business Systems Analyst,bizops@jomarvalve.com,95.0,Matched,2026-08-15 00:00:00,https://www.linkedin.com/jobs/view/business-systems-analyst-at-jomar-valve-4440754520,"[2026-08-11] 🔴 [14-30d STALE] | 🏢 Hybrid | This role is a strong fit as it is a non-sales, technical operations position in Metro Detroit focused on SQL, process automation, and system analysis suitable for an early-career candidate.",
2026-08-11 00:00:00,Blue Cross Blue Shield of Michigan,Business Systems Analyst,bizops@bluecrossblueshieldofmichigan.com,92.0,Matched,2026-08-15 00:00:00,https://simplify.jobs/p/70455231-9789-43f9-8c24-defd9312e9f5/Business-Systems-Analyst,"[2026-08-11] 🟢 [3-7d ACTIVE] | 📍 On-Site / Unspecified | This role is a strong fit as it is a non-sales technical systems analyst position focused on process improvement and application support, aligning perfectly with the target profile.",
2026-08-11 00:00:00,Huntington,Foreign Exchange Operations Analyst,operations@huntington.com,90.0,Matched,2026-08-15 00:00:00,"https://www.ziprecruiter.com/c/Huntington/Job/Foreign-Exchange-Operations-Analyst/-in-Detroit,MI?jid=3033d691d8b99e0c",[2026-08-11] 🔴 [14-30d STALE] | 🏠 Remote | This is a strong back-office operations role in the financial sector that avoids sales quotas and aligns well with the candidate's early-career profile.,
2026-08-11 00:00:00,KPMG US,Experienced Associate - Global Trade Shared Services - Data Analytics,operations@kpmgus.com,90.0,Matched,2026-08-15 00:00:00,https://www.linkedin.com/jobs/view/experienced-associate-global-trade-shared-services-data-analytics-at-kpmg-us-4444865747,"[2026-08-11] 🟡 [7-14d AGING] | 📍 On-Site | This role aligns with the candidate's experience level and data analytics skill set, offering a non-sales operations environment that matches the target criteria.",
2026-08-12 00:00:00,2026-08-12 00:00:00,Blue Cross Blue Shield of Michigan,Business Systems Analyst,bizops@bluecrossblueshieldofmichigan.com,5.0,Matched,2026-08-31 00:00:00,https://simplify.jobs/p/70455231-9789-43f9-8c24-defd9312e9f5/Business-Systems-Analyst,"[2026-08-12] Matched via Pipeline | This role is an excellent fit as it focuses on internal business systems analysis, process improvement, and technical support in a non-sales environment suitable for early-career growth."
2026-08-12 00:00:00,2026-08-12 00:00:00,FlexBoard,[Remote] Financial Operations Coordinator (Part-Time),operations@flexboard.com,5.0,Matched,2026-08-31 00:00:00,https://flexboard.9y.liveblog365.com/job/1762745,"[2026-08-12] Matched via Pipeline | This role is a strong fit for a back-office financial operations track, focusing on process improvement, reporting, and database management without sales or commission-based requirements."
2026-08-12 00:00:00,2026-08-12 00:00:00,Stripe,"Risk Operations Analyst, Financial Crimes",operations@stripe.com,5.0,Matched,2026-08-31 00:00:00,https://stripe.com/careers/listing/risk-operations-analyst-financial-crimes/7974209,"[2026-08-12] Matched via Pipeline | This role is an excellent fit for an early-career candidate as it focuses on FinTech operations, process automation, and risk analysis without the forbidden sales or management components."
2026-08-13 00:00:00,2026-08-13 00:00:00,Plante Moran,Wealth Management Operations - Client Services Support,wealthops@plantemoran.com,5.0,Matched,2026-09-01 00:00:00,https://www.linkedin.com/jobs/view/wealth-management-operations-client-services-support-at-plante-moran-4407085030,"[2026-08-13] Matched via Pipeline | This role is a strong fit for a junior operations professional in the financial sector, focusing on back-office administration and custodian liaison tasks without sales quotas."
2026-08-13 00:00:00,2026-08-13 00:00:00,Henry Ford Health,"Financial Consultant | St. John Hospital – Detroit, MI | Full Time",operations@henryfordhealth.com,5.0,Matched,2026-09-01 00:00:00,https://www.linkedin.com/jobs/view/financial-consultant-st-john-hospital-%E2%80%93-detroit-mi-full-time-at-henry-ford-health-4441429381,[2026-08-13] Matched via Pipeline | Fallback pass on API failure
2026-08-13 00:00:00,2026-08-13 00:00:00,Compu-Vision - Northeast,Business Analyst - BA 26-10249,operations@compuvisionnortheast.com,5.0,Matched,2026-09-01 00:00:00,https://www.monster.com/job-openings/business-analyst-ba-26-10249-detroit-mi--37ec377d-0c0b-4ff0-af03-7c328e2a55a5,Matched via Pipeline | This is a suitable non-sales technical analyst role in Metro Detroit that aligns with back-office systems and process analysis requirements.
2026-08-13 00:00:00,2026-08-13 00:00:00,Plante Moran,Wealth Management Operations - Client Services Support,wealthops@plantemoran.com,5.0,Matched,2026-09-01 00:00:00,https://www.linkedin.com/jobs/view/wealth-management-operations-client-services-support-at-plante-moran-4407085030,"Matched via Pipeline | This is a strong fit for a back-office operations role in finance, though it lacks specific mention of technical automation tools like Python or SQL."
2026-08-13 00:00:00,2026-08-13 00:00:00,AlixPartners,Research Operations Specialist,operations@alixpartners.com,5.0,Matched,2026-09-01 00:00:00,https://www.linkedin.com/jobs/view/research-operations-specialist-at-alixpartners-4449812622,"Matched via Pipeline | This role is a strong operational fit for a junior candidate as it involves business intelligence and data research, though the job description was incomplete regarding specific software tools."
2026-08-13 00:00:00,2026-08-13 00:00:00,Plante Moran,Wealth Management Operations - Client Services Support,wealthops@plantemoran.com,5.0,Matched,2026-09-01 00:00:00,https://www.linkedin.com/jobs/view/wealth-management-operations-client-services-support-at-plante-moran-4407085030,Matched via Pipeline | This is a strong back-office operations role in wealth management that aligns with the target industry and skill set without involving sales or commission structures.
2026-08-14 00:00:00,Huntington,Foreign Exchange Operations Analyst,operations@huntington.com,90.0,Matched,2026-09-02 00:00:00,"https://www.ziprecruiter.com/c/Huntington/Job/Foreign-Exchange-Operations-Analyst/-in-Detroit,MI?jid=3033d691d8b99e0c","Matched via Pipeline | This role is a strong fit for early-career financial operations, focusing on trade reconciliation, payment processing, and system efficiency within a established banking environment.",fc294235-f2b1-4934-be31-ca64373c6e43
2026-08-14 00:00:00,Bedrock Management Services LLC,Financial Analyst (Investment Team),operations@bedrockdetroit.com,90.0,Matched,2026-09-02 00:00:00,https://careers.rocket.com/us/en/job/RCARCAUSR084089EXTERNALENUS/Financial-Analyst-Investment-Team,"Matched via Pipeline | This role is an excellent match for a back-office financial systems/operations profile in the Detroit market, though it requires specific CRE software exposure.",ee85f794-7438-446a-b8f3-a4c98ef3677e
2026-08-14 00:00:00,KPMG US,Experienced Associate - Global Trade Shared Services - Data Analytics,operations@kpmgus.com [⚠️ Fallback Email],90.0,Matched,2026-09-02 00:00:00,https://www.linkedin.com/jobs/view/experienced-associate-global-trade-shared-services-data-analytics-at-kpmg-us-4444865747,"Matched via Pipeline | The role perfectly aligns with your focus on data analytics, process improvement, and back-office operations within a major firm, matching your target experience level.",0243b369-e33e-40e6-ae2b-748c97c9c86a
2026-08-14 00:00:00,Revolution Technologies,Regulatory Analyst,operations@revolutiontechnologies.com,88.0,Matched,2026-09-02 00:00:00,https://bebee.com/us/jobs/regulatory-analyst-revolution-technologies-southfield--lifeworq-f3b41d64-e842-4c72-8074-fe8c773824e2,"Matched via Pipeline | This role is a strong match for the candidate's financial systems background and local preference, though it requires specific industry certifications (SIE/Series 99).",f0a3cc9e-6e09-4cd4-9b01-97ead7a424ac
2026-08-14 00:00:00,Detroit Medical Center,Revenue Cycle Analyst,operations@detroitmedicalcenter.com [⚠️ Fallback Email],80.0,Matched,2026-09-02 00:00:00,https://www.linkedin.com/jobs/view/revenue-cycle-analyst-at-detroit-medical-center-4454536744,"Matched via Pipeline | This role aligns with back-office operations and process improvement, though it is healthcare-specific rather than strictly FinTech/Tech.",9565305c-93a5-498b-9ec9-8b94bdcfb79b
2026-08-14 00:00:00,Premier Staffing Solution,Business Analyst 1,operations@premierstaffingsolution.com,75.0,Watchlist,2026-09-02 00:00:00,"https://www.ziprecruiter.com/c/Premier-Staffing-Solution/Job/Business-Analyst-1/-in-Warren,MI?jid=46f9fa566238e4a5","Secondary Match via Pipeline | This role aligns with the entry-level operations focus and required technical skill set, though it is a contract position rather than a direct W-2 permanent role.",a7ce4bd0-de3b-4f1d-a7d0-504bcdfa037c
2026-08-14 00:00:00,MSX International,Program Support Analyst,operations@msxinternational.com [⚠️ Fallback Email],75.0,Watchlist,2026-09-02 00:00:00,https://www.linkedin.com/jobs/view/program-support-analyst-at-msx-international-4447547010,"Secondary Match via Pipeline | This role aligns with the operations and analytical focus for an early-career candidate in the auto-tech sector, though it involves some high-volume customer contact.",6426cefe-60ec-4ab8-b5cc-7646505ceb0c
2026-08-16 00:00:00,RockLoans Marketplace LLC,Data Analyst - Servicing Operations,operations@rocketloans.com,100.0,Matched,2026-09-04 00:00:00,https://careers.rocket.com/us/en/job/RCARCAUSR083450EXTERNALENUS/Data-Analyst-Servicing-Operations,"Matched via Pipeline | The role is a strong match for back-office systems and data analytics within the Detroit-area FinTech space, though the 3+ year SQL requirement slightly exceeds the 0-2 year target.",a8026ae0-5047-4eba-aeb0-fde105ca2052
2026-08-16 00:00:00,"Integrated Resources, Inc",Business Systems Analyst II,bizops@integratedresourcesinc.com [⚠️ Fallback Email],100.0,Matched,2026-09-04 00:00:00,https://www.monster.com/job-openings/business-systems-analyst-ii-southfield-mi--22482299-670e-4cf1-b8c1-9e5a096650f0,"Matched via Pipeline | This role aligns perfectly with the target profile, focusing on back-office systems analysis, process automation, and operations support within the financial services sector.",045a87c1-a9b8-4ab6-8be7-1581b597ce2c
2026-08-16 00:00:00,McMasters Koss Company,Operations Specialist,operations@mcmasterskoss.com,100.0,Matched,2026-09-04 00:00:00,"https://www.ziprecruiter.com/c/McMasters-Koss/Job/Operations-Specialist/-in-Royal-Oak,MI?jid=922d485c28b26676","Matched via Pipeline | This role is a strong match for a back-office operations profile in the automotive sector with heavy focus on data analysis, Excel, and inventory systems.",fedae647-84fe-4738-a2a3-bfc9f5fa585c
2026-08-16 00:00:00,Kratos Defense,Manufacturing Systems & Business Analytics Analyst,bizops@kratosdefense.com,97.0,Matched,2026-09-04 00:00:00,"https://www.ziprecruiter.com/c/Kratos-Defense/Job/Manufacturing-Systems-&-Business-Analytics-Analyst/-in-Auburn-Hills,MI?jid=b8fc4fb42f1e5064","Matched via Pipeline | This role is a perfect match for a systems-focused analyst, heavily emphasizing SQL, Excel, and process automation within a technical manufacturing environment.",f1ed9634-6a57-4f4e-ab2b-b05ebefd837d
2026-08-16 00:00:00,Blue Cross Blue Shield of Michigan,Analyst Development Program - Analyst Trainee,operations@bluecrossblueshieldofmichigan.com [⚠️ Fallback Email],97.0,Matched,2026-09-04 00:00:00,"https://www.ziprecruiter.com/c/Blue-Cross-Blue-Shield-of-Michigan/Job/Analyst-Development-Program-Analyst-Trainee/-in-Detroit,MI?jid=39993fd9469847cb",Matched via Pipeline | This role is a perfect match for an early-career candidate seeking a non-sales analytical position in a major Detroit-based company with a clear pathway for technical skill growth.,80952a92-ec15-4c92-a1a5-bbdfa84b38f5
2026-08-16 00:00:00,LoanCare,Operations Financial Analyst-Staffing,operations@loancare.com,75.0,Watchlist,2026-09-04 00:00:00,https://himalayas.app/companies/loancare/jobs/operations-financial-analyst-staffing,"Secondary Match via Pipeline | The role is a strong functional fit for technical operations and financial analysis, but the 3+ year experience requirement slightly exceeds the 0-2 year target profile.",abe05cc7-7b83-45e5-ab74-b56654f1c0b1
2026-08-16 00:00:00,remote zest jobs,Finance Operations Analyst(Business Systems Analyst III)/Remote,bizops@remotezest.up.railway.app,70.0,Watchlist,2026-09-04 00:00:00,https://remotezest.up.railway.app/job/finance-operations-analystbusiness-systems-analyst-iiiremote-1,"Secondary Match via Pipeline | The role is a strong functional fit for back-office systems and operations, though the 4+ year experience requirement exceeds the target candidate's 0-2 year profile.",57fbff80-3790-4639-9145-6d88d7425a99
2026-08-16 00:00:00,Ilitch Sports + Entertainment,"Accounting Analyst, Financial Services - Accounting",operations@ilitchcompanies.com,65.0,Watchlist,2026-09-04 00:00:00,https://www.linkedin.com/jobs/view/accounting-analyst-financial-services-accounting-at-ilitch-sports-%2B-entertainment-4451924767,"Secondary Match via Pipeline | This role aligns with your location and technical requirements but leans heavily into traditional accounting rather than the desired automation, Python, or systems operations track.",37edc6f0-e4b7-4169-ad57-2a3bdcec5f10
2026-08-16 00:00:00,One Detroit Credit Union,Loan Operations Specialist,operations@onedetroitcu.org,65.0,Watchlist,2026-09-04 00:00:00,https://www.jobleads.com/us/job/loan-operations-specialist--detroit--e98d70423e34a15ced7a1edeee13d0695,"Secondary Match via Pipeline | This role is a solid operational fit for a local candidate, though it lacks direct exposure to the high-priority technical tools like Python or SQL.",8ca3ffb5-d6a1-4f90-b723-e1747a353f2a
2026-08-16 00:00:00,FlexBoard,Financial Operations Analyst Intermediate /work from home reputed company reputed company/,operations@flexboard.com [⚠️ Fallback Email],65.0,Watchlist,2026-09-04 00:00:00,https://flexboard.9y.liveblog365.com/job/1458578,"Secondary Match via Pipeline | The role is a strong non-sales back-office operational fit, though the 4-year experience requirement exceeds the target candidate's 0-2 year range.",857ca82c-47ca-449a-b64b-29d46239fb92
2026-08-16 00:00:00,Stripe,"Risk Operations Analyst, Financial Crimes",operations@stripe.com,65.0,Watchlist,2026-09-04 00:00:00,https://stripe.com/careers/listing/risk-operations-analyst-financial-crimes/7974209,"Secondary Match via Pipeline | While this is a strong FinTech operations role, it requires 4+ years of experience, exceeding the target 0-2 year range for this candidate.",3497f6a9-8506-409d-bddd-c5e1290e2866
2026-08-16 00:00:00,One Call,IT Financial Operations Analyst,operations@onecallcm.com,65.0,Watchlist,2026-09-04 00:00:00,https://us.trabajo.org/job-5003-9946b5d8987c497bfb3b25138bd7f807,"Secondary Match via Pipeline | This role is a strong functional match for the skills required, but the '4+ years of experience' requirement exceeds the target range for an early-career candidate.",1fd3a0fb-f619-4fa3-bb88-233e7486d44e
2026-08-16 00:00:00,FlexBoard,"Patient Financial Services Analyst, FT, Days, - Remote",operations@flexboard.com [⚠️ Fallback Email],65.0,Watchlist,2026-09-04 00:00:00,https://flexboard.9y.liveblog365.com/job/1905847,"Secondary Match via Pipeline | This is a stable, non-sales back-office operations role focusing on data reconciliation and process compliance, which aligns well with early-career technical systems work.",6e1ca496-112e-482e-b356-9d6a652e6327
2026-08-16 00:00:00,Bedrock Management Services LLC,Financial Analyst (Investment Team),operations@bedrockdetroit.com,90.0,Matched,2026-09-04 00:00:00,https://careers.rocket.com/us/en/job/RCARCAUSR084089EXTERNALENUS/Financial-Analyst-Investment-Team,"Matched via Pipeline | This role is a strong fit as it aligns with Metro Detroit operations, financial systems analysis, and back-office modeling, though it requires specific real estate software proficiency.",88ef5b56-df67-4525-ac05-7ea1176e91bd
2026-08-16 00:00:00,Jomar Valve,Business Systems Analyst,bizops@jomarvalve.com,90.0,Matched,2026-09-04 00:00:00,https://www.disabledperson.com/jobs/73899602-business-systems-analyst,Matched via Pipeline | This role aligns perfectly with the target profile for systems-focused operational analysis and automation in the Metro Detroit area.,73854464-25bc-46dd-80c0-aab66feac976
2026-08-16 00:00:00,FlexBoard,Investment Operations Analyst - Remote,operations@flexboard.com [⚠️ Fallback Email],90.0,Matched,2026-09-04 00:00:00,https://flexboard.9y.liveblog365.com/job/1279036,"Matched via Pipeline | This role is a strong match as it focuses on back-office investment operations, data reconciliation, and process accuracy without sales quotas or commission structures.",d9e391f7-d03d-45bd-91fa-7b2d6245c50e
2026-08-16 00:00:00,MAIN Financial Group Wealth Management,Client Operations Specialist,operations@mainfinancialgroupwealthmanagement.com [⚠️ Fallback Email],90.0,Matched,2026-09-04 00:00:00,https://www.linkedin.com/jobs/view/client-operations-specialist-at-main-financial-group-wealth-management-4453598680,Matched via Pipeline | This role is a high-fit back-office operations position in Livonia that aligns perfectly with the required expertise in Schwab and Fidelity custodial systems.,00bad4e8-5b10-4087-b3b2-0dea42a2ce1c
2026-08-16 00:00:00,remote zest jobs,"Financial Operations Analyst, reputed company and Cash Conversion",operations@remotezest.up.railway.app,90.0,Matched,2026-09-04 00:00:00,https://remotezest.up.railway.app/job/financial-operations-analyst-reputed-company-and-cash-conversion,"Matched via Pipeline | The role is a strong fit for a Finance Operations position requiring SQL and data analysis, aligning perfectly with the candidate's operational and systems-focused skill set.",1c439ec8-6903-4ee1-9c1c-5ecb7499b43f
2026-08-16 00:00:00,FlexBoard,"Analyst, Financial Operations",operations@flexboard.com [⚠️ Fallback Email],90.0,Matched,2026-09-04 00:00:00,https://flexboard.9y.liveblog365.com/job/1476063,"Matched via Pipeline | This role is an excellent fit as it focuses on FinTech operations, transaction monitoring, and workflow automation, perfectly aligning with your technical skillset and non-sales criteria.",39c906c8-a88c-435e-9caa-6c6991daaa7e
2026-08-16 00:00:00,vmysmartpros,[Remote] Financial Operations Analyst,operations@vmysmartpros.com [⚠️ Fallback Email],90.0,Matched,2026-09-04 00:00:00,https://www.mysmartpros.com/tuition/job/remote-financial-operations-analyst-c4a185ca/,"Matched via Pipeline | This role is a strong match for the focus on Python, Excel-based automation, and financial operations, though the 2-4 year experience preference is slightly above the 0-2 year target.",0764e3d1-9762-4e21-b380-08a834f53d72
2026-08-16 00:00:00,remote zest jobs,Finance Data Analyst- Operations,operations@remotezest.up.railway.app,90.0,Matched,2026-09-04 00:00:00,https://remotezest.up.railway.app/job/finance-data-analyst-operations,"Matched via Pipeline | This role is a strong match for early-career analytical focus, emphasizing Python, SQL, and process automation within an operations-heavy, non-sales finance department.",fc4364f0-97c8-4cc6-ae19-07c18eded8c8
2026-08-16 00:00:00,remote zest jobs,Entry Level Financial Operations Analyst (Local Candidates Only),operations@remotezest.up.railway.app,75.0,Watchlist,2026-09-04 00:00:00,https://remotezest.up.railway.app/job/entry-level-financial-operations-analyst-local-candidates-only,"Secondary Match via Pipeline | The role is a strong back-office operational fit in Metro Detroit, though the job description lacks specific software mentions like Salesforce or SQL.",7ef68595-a2ed-4ce4-88ee-d483d685301a
2026-08-16 00:00:00,Sano,Client Services Associate,operations@sano-international.com,70.0,Watchlist,2026-09-04 00:00:00,https://www.linkedin.com/jobs/view/client-services-associate-at-sano-4449309138,"Secondary Match via Pipeline | This role is a strong operations fit, though it requires 3-5 years of experience and potential licensing, which slightly exceeds the entry-level target.",4602c7eb-70d8-4f52-a00d-516b28fd2289
2026-08-16 00:00:00,BetaExper Business Consulting,"Import/Export & Warehouse Operations Specialist – Detroit, MI (On-site)",operations@betaexperbusinessconsulting.com [⚠️ Fallback Email],70.0,Watchlist,2026-09-04 00:00:00,https://www.indeed.com/viewjob?jk=8f9594aa90d11af6,"Secondary Match via Pipeline | The role is a solid back-office operations fit in the Detroit area, though it lacks direct exposure to the high-priority software stacks like Salesforce or Python.",f77ef063-47e4-45e5-aa00-64abdfa2a2f3
2026-08-16 00:00:00,remote zest jobs,Finance Operations Analyst(Business Systems Analyst III)/Remote,bizops@remotezest.up.railway.app,70.0,Watchlist,2026-09-04 00:00:00,https://remotezest.up.railway.app/job/finance-operations-analystbusiness-systems-analyst-iiiremote-1,"Secondary Match via Pipeline | The role is a strong functional fit for back-office systems, but the 4+ year experience requirement exceeds the target profile's 0-2 year focus.",7d683392-98f1-4502-9ed1-3ace7044c62a
2026-08-16 00:00:00,Baystate Health,Research Financial Analyst,operations@baystatehealth.org,70.0,Watchlist,2026-09-04 00:00:00,https://himalayas.app/companies/baystate-health/jobs/research-financial-analyst-5876062708,"Secondary Match via Pipeline | This is a strong back-office operations role that aligns with financial analytical skills, but it falls outside the requested geographic preference of Metro Detroit.",b39a6a13-95b1-4681-998c-a51f25921881
2026-08-16 00:00:00,One Detroit Credit Union,Loan Operations Specialist,operations@onedetroitcu.org,65.0,Watchlist,2026-09-04 00:00:00,https://www.jobleads.com/us/job/loan-operations-specialist--detroit--e98d70423e34a15ced7a1edeee13d0695,"Secondary Match via Pipeline | This is a stable, non-sales back-office operations role in Detroit that aligns with the candidate's target industry and experience level, though it lacks the specific high-priority technical tools like Python or SQL.",31b59fbc-d231-4211-a694-169d963ead7d
2026-08-16 00:00:00,Stripe,"Risk Operations Analyst, Financial Crimes",operations@stripe.com,65.0,Watchlist,2026-09-04 00:00:00,https://stripe.com/careers/listing/risk-operations-analyst-financial-crimes/7974209,"Secondary Match via Pipeline | While this role is a strong operational fit for technical workflows, the 4+ years of experience requirement exceeds the target 0-2 year career window.",04553a85-763c-4456-b585-a41b34a4c748
2026-08-16 00:00:00,FlexBoard,"Patient Financial Services Analyst, FT, Days, - Remote",operations@flexboard.com [⚠️ Fallback Email],65.0,Watchlist,2026-09-04 00:00:00,https://flexboard.9y.liveblog365.com/job/1905847,"Secondary Match via Pipeline | The role is a non-sales, back-office financial systems analyst position that aligns with operational, data-heavy, and process-oriented requirements.",a02a3196-414b-44a0-a042-fc31e29113bf
2026-08-16 00:00:00,Ramp,AML Operations Analyst,operations@ramp.com,65.0,Watchlist,2026-09-04 00:00:00,https://builtin.com/job/aml-operations-analyst/9535501,"Secondary Match via Pipeline | While the fintech focus and automation responsibilities align with the target profile, the role explicitly requires 4+ years of experience, exceeding the 0-2 year target.",f9986f1d-b60d-4634-bdd8-94ee70590955
2026-08-16 00:00:00,Huntington National Bank,FX Operations Analyst,operations@huntington.com,100.0,Matched,2026-09-04 00:00:00,https://www.linkedin.com/jobs/view/fx-operations-analyst-at-huntington-national-bank-4454555093,"Matched via Pipeline | This role is a strong fit for a back-office financial operations career, focusing on reconciliation and trade processing within a banking environment.",17dd021a-d823-4705-ad19-740ee23cdb28
2026-08-16 00:00:00,"Integrated Resources, Inc",Business Systems Analyst II,bizops@integratedresourcesinc.com [⚠️ Fallback Email],100.0,Matched,2026-09-04 00:00:00,https://www.monster.com/job-openings/business-systems-analyst-ii-southfield-mi--22482299-670e-4cf1-b8c1-9e5a096650f0,"Matched via Pipeline | This is a strong match for a Business Systems Analyst role focused on Auto Finance operations and process optimization, aligning perfectly with the target profile.",f10365cc-75b0-4a97-8ec0-d382cf510c96
2026-08-16 00:00:00,Jomar Valve,ERP & Data Automation Analyst — Detroit Metro (Hybrid),bizops@jomarvalve.com,100.0,Matched,2026-09-04 00:00:00,https://www.jobleads.com/us/job/erp-data-automation-analyst-detroit-metro-hybrid--warren--e2973c1aa9bf22caddc3fc4f84b6c0d4b,"Matched via Pipeline | This role perfectly aligns with the target technical profile by focusing on ERP systems, SQL-based automation, and operational efficiency within a Detroit-based industrial tech environment.",f65f21e3-7c85-4502-ba6d-2eae6210e10d
2026-08-16 00:00:00,Kratos Defense,Manufacturing Systems & Business Analytics Analyst,bizops@kratosdefense.com,97.0,Matched,2026-09-04 00:00:00,"https://www.ziprecruiter.com/c/Kratos-Defense/Job/Manufacturing-Systems-&-Business-Analytics-Analyst/-in-Auburn-Hills,MI?jid=b8fc4fb42f1e5064","Matched via Pipeline | This role is a strong fit as it prioritizes SQL, Excel, and process automation within a technical back-office operations environment without any sales responsibilities.",8a6f6af4-845b-4c0d-b333-b867d049fc7a
2026-08-16 00:00:00,Confidential Jobs,WMS Business Analyst: Drive Ops Adoption & Insights,operations@confidentialjobs.com [⚠️ Fallback Email],90.0,Matched,2026-09-04 00:00:00,https://www.jobleads.com/us/job/wms-business-analyst-drive-ops-adoption-insights--detroit--ed55c16ef4375fa2401a6ec97442755a9,"Matched via Pipeline | The role is an excellent match for a back-office systems and operations analyst, focusing on WMS configuration and process optimization without sales requirements.",4fe1a14d-ff39-4785-a27b-b2123e5959a8
2026-08-16 00:00:00,Maximus,CIC Analyst,operations@maximus.com,70.0,Watchlist,2026-09-04 00:00:00,https://www.careerbuilder.com/job-details/cic-analyst-detroit-mi--04575e73-0e20-4bc5-b295-b06e9e37dbad,"Secondary Match via Pipeline | The role is an excellent fit for operational and systems tracking skills, though the 4-year experience requirement exceeds the 0-2 year target profile.",6f3b78ad-7e5e-4ffa-99ab-265f3adf1979
2026-08-16 00:00:00,"Universal Logistics Holdings, Inc.",Technical Analyst,operations@universallogistics.com,70.0,Watchlist,2026-09-04 00:00:00,https://www.linkedin.com/jobs/view/technical-analyst-at-universal-logistics-holdings-inc-4448994693,"Secondary Match via Pipeline | This is a strong match for technical operations and system analysis in Metro Detroit, though the 3-5 year experience requirement slightly exceeds the target profile.",f05b061c-0335-496d-be40-8e57fa4ae550
2026-08-16 00:00:00,Ilitch Sports + Entertainment,"Accounting Analyst, Financial Services - Accounting",operations@ilitchcompanies.com,65.0,Watchlist,2026-09-04 00:00:00,https://www.linkedin.com/jobs/view/accounting-analyst-financial-services-accounting-at-ilitch-sports-%2B-entertainment-4451924767,"Secondary Match via Pipeline | This role aligns with the location and back-office requirements, but leans heavily toward a traditional accounting/CPA-adjacent track rather than the preferred tech-operations/systems automation focus.",c8fe4b30-6335-43c5-a25d-e9e19b321802
2026-08-16 00:00:00,Atwell,Technology Business Operations Specialist,operations@atwell.com,100.0,Matched,2026-09-04 00:00:00,https://www.careerbuilder.com/job-details/technology-business-operations-specialist-southfield-mi--7b319c9b-9678-4ac7-ae24-0b2ad3be07df,"Matched via Pipeline | This role is a strong fit as it blends operational support with technology procurement and process management, aligning perfectly with the target profile's preference for back-office systems and automation.",d90179b2-507e-4ab3-91e4-4b9611035053
2026-08-16 00:00:00,MAIN Financial Group Wealth Management,Client Operations Specialist,operations@mainfinancialgroupwealthmanagement.com [⚠️ Fallback Email],92.0,Matched,2026-09-04 00:00:00,https://www.linkedin.com/jobs/view/client-operations-specialist-at-main-financial-group-wealth-management-4453598680,Matched via Pipeline | This role is a strong fit as it is a non-sales back-office operations position in the Metro Detroit area that directly utilizes required platforms like Schwab and Fidelity.,ff5edbb1-23ce-40d3-8d3b-014c68c7daa0
2026-08-16 00:00:00,AlixPartners,Research Operations Specialist,operations@alixpartners.com,90.0,Matched,2026-09-04 00:00:00,https://www.linkedin.com/jobs/view/research-operations-specialist-at-alixpartners-4449812622,"Matched via Pipeline | This role is a strong fit as it is an entry-level, non-sales back-office operations position in a prominent consulting firm with a physical presence in Southfield, MI.",f015971f-06d5-4582-904a-8b5978b9d21d
2026-08-16 00:00:00,FlexBoard,Investment Operations Analyst - Remote,operations@flexboard.com [⚠️ Fallback Email],90.0,Matched,2026-09-04 00:00:00,https://flexboard.9y.liveblog365.com/job/1279036,"Matched via Pipeline | This role is a perfect match for early-career operations support, focusing on back/middle-office functions, reconciliations, and data accuracy within an investment firm.",05163d27-5a0c-4291-80f6-3cffd34d2f9e
2026-08-16 00:00:00,remote zest jobs,"Financial Operations Analyst, reputed company and Cash Conversion",operations@remotezest.up.railway.app,90.0,Matched,2026-09-04 00:00:00,https://remotezest.up.railway.app/job/financial-operations-analyst-reputed-company-and-cash-conversion,"Matched via Pipeline | This role is a strong fit for a financial operations candidate as it prioritizes SQL, data visualization, and process improvement within a back-office environment.",6e6d03c5-6d5c-4c91-bed8-37d365ff8e73
2026-08-16 00:00:00,remote zest jobs,Entry Level Financial Operations Analyst (Local Candidates Only),operations@remotezest.up.railway.app,75.0,Watchlist,2026-09-04 00:00:00,https://remotezest.up.railway.app/job/entry-level-financial-operations-analyst-local-candidates-only,"Secondary Match via Pipeline | The role aligns well with entry-level financial operations and systems support, though the job description is poorly written with frequent placeholders.",a99af8ca-aedd-48cd-973b-ec92c09c0ca9
2026-08-16 00:00:00,Sano,Client Services Associate,operations@sanogenetics.com,70.0,Watchlist,2026-09-04 00:00:00,https://www.linkedin.com/jobs/view/client-services-associate-at-sano-4449309138,"Secondary Match via Pipeline | The role aligns with back-office operations and FinTech systems, though the 3-5 year experience requirement exceeds the 0-2 year target profile.",78dd6a8f-c377-42d2-8af5-56dad7f7ceb4
2026-08-16 00:00:00,Maximus,CIC Analyst,operations@maximus.com,70.0,Watchlist,2026-09-04 00:00:00,https://www.careerbuilder.com/job-details/cic-analyst-detroit-mi--04575e73-0e20-4bc5-b295-b06e9e37dbad,"Secondary Match via Pipeline | The role is an excellent fit for operational systems experience, but the 4+ year experience requirement exceeds the 0-2 year target profile.",8af868d7-b7f0-43a3-a006-f2571ffe4e50
2026-08-16 00:00:00,BetaExper Business Consulting,"Import/Export & Warehouse Operations Specialist – Detroit, MI (On-site)",operations@betaexperbusinessconsulting.com [⚠️ Fallback Email],70.0,Watchlist,2026-09-04 00:00:00,https://www.indeed.com/viewjob?jk=8f9594aa90d11af6,"Secondary Match via Pipeline | The role is a strong operations and back-office fit in the Detroit area, though it lacks specific alignment with your preferred tech stack skills like Python or SQL.",65bb2649-d6fb-434e-8517-7327dbe39d86
2026-08-16 00:00:00,One Detroit Credit Union,Loan Operations Specialist,operations@onedetroitcu.org,65.0,Watchlist,2026-09-04 00:00:00,https://www.jobleads.com/us/job/loan-operations-specialist--detroit--e98d70423e34a15ced7a1edeee13d0695,"Secondary Match via Pipeline | This is a stable, non-sales back-office operations role in Detroit that aligns with the target industry, though it lacks specific exposure to the desired technical stack (Python/SQL).",780c57c7-9366-449a-8878-8ffcec6db481
2026-08-16 00:00:00,Stripe,"Risk Operations Analyst, Financial Crimes",operations@stripe.com,65.0,Watchlist,2026-09-04 00:00:00,https://stripe.com/careers/listing/risk-operations-analyst-financial-crimes/7974209,"Secondary Match via Pipeline | This is a strong functional fit for FinTech operations, but the 4+ years of experience requirement significantly exceeds the target 0-2 year experience profile.",3c91222d-9892-4b93-96f5-e32b163c4ef3
2026-08-16 00:00:00,FlexBoard,"Patient Financial Services Analyst, FT, Days, - Remote",operations@flexboard.com [⚠️ Fallback Email],65.0,Watchlist,2026-09-04 00:00:00,https://flexboard.9y.liveblog365.com/job/1905847,"Secondary Match via Pipeline | This role aligns with the back-office operations requirement and provides remote access, though it lacks direct tech-stack keywords like Python or SQL.",4c3e7ae4-9ef7-4579-bc5b-828565f874f9
2026-08-16 00:00:00,Ramp,AML Operations Analyst,operations@ramp.com,65.0,Watchlist,2026-09-04 00:00:00,https://builtin.com/job/aml-operations-analyst/9535501,"Secondary Match via Pipeline | While the role is a strong fit for the technical focus and fintech sector, it explicitly requires a minimum of 4 years of experience, exceeding the candidate's 0-2 year profile.",dd51f283-bc8d-459f-bf77-8d584adfe4f7
2026-08-16 00:00:00,MAIN Financial Group Wealth Management,Client Operations Specialist,operations@mainfinancialgroupwealthmanagement.com [⚠️ Fallback Email],92.0,Matched,2026-09-04 00:00:00,https://www.linkedin.com/jobs/view/client-operations-specialist-at-main-financial-group-wealth-management-4453598680,Matched via Pipeline | This role is a strong match as it focuses on back-office wealth management operations and utilizes key platforms like Schwab and Fidelity without sales quotas or commission structures.,268ad097-763f-4b9a-8ba1-0b2a3f49d0bf
2026-08-16 00:00:00,AlixPartners,Research Operations Specialist,operations@alixpartners.com,92.0,Matched,2026-09-04 00:00:00,https://www.linkedin.com/jobs/view/research-operations-specialist-at-alixpartners-4449812622,"Matched via Pipeline | This role is a strong fit for early-career operations support, located in the target region, and focuses on process management and vendor administration without sales quotas.",be3ce190-5a24-4fe8-b691-c76f44c6f152
2026-08-16 00:00:00,FlexBoard,"Analyst, Financial Operations",operations@flexboard.com [⚠️ Fallback Email],90.0,Matched,2026-09-04 00:00:00,https://flexboard.9y.liveblog365.com/job/1476063,"Matched via Pipeline | This Financial Operations role is a strong fit as it centers on transaction lifecycle management, data reconciliation, and process optimization within a high-growth FinTech environment.",d2008573-87ff-4a7c-aec8-4160831d141a
2026-08-16 00:00:00,remote zest jobs,"Financial Operations Analyst, reputed company and Cash Conversion",operations@remotezest.up.railway.app,90.0,Matched,2026-09-04 00:00:00,https://remotezest.up.railway.app/job/financial-operations-analyst-reputed-company-and-cash-conversion,"Matched via Pipeline | This role aligns perfectly with the target profile for back-office financial operations, requiring SQL and data analysis skills while strictly excluding sales functions.",4356e65f-296a-4c38-8bef-cadde76d3ab7
2026-08-16 00:00:00,vmysmartpros,[Remote] Financial Operations Analyst,operations@vmysmartpros.com [⚠️ Fallback Email],90.0,Matched,2026-09-04 00:00:00,https://www.mysmartpros.com/tuition/job/remote-financial-operations-analyst-c4a185ca/,"Matched via Pipeline | This role is a strong match for the focus on financial operations, process automation, Python, and Excel, though it requires slightly more years of experience than the target profile.",a70324e3-42bc-4a2c-a4fa-e5f91b531166
2026-08-16 00:00:00,remote zest jobs,Entry Level Financial Operations Analyst (Local Candidates Only),operations@remotezest.up.railway.app,75.0,Watchlist,2026-09-04 00:00:00,https://remotezest.up.railway.app/job/entry-level-financial-operations-analyst-local-candidates-only,"Secondary Match via Pipeline | This role aligns with the target operational finance and systems focus, though the description is vague and lacks specific mentions of technical stack tools like SQL or Python.",a7b66296-e1f2-458c-99d4-b8a27201a82c
2026-08-16 00:00:00,FlexBoard,"Patient Financial Services Analyst, FT, Days, - Remote",operations@flexboard.com [⚠️ Fallback Email],75.0,Watchlist,2026-09-04 00:00:00,https://flexboard.9y.liveblog365.com/job/1905847,"Secondary Match via Pipeline | This is a solid back-office operations role that aligns with the candidate's focus on data analysis, billing reconciliation, and process improvements, though it lacks direct tech-stack mentions.",3665e57b-fe15-48a9-bea3-194cd71939c7
2026-08-16 00:00:00,Sano,Client Services Associate,operations@sanogenetics.com,70.0,Watchlist,2026-09-04 00:00:00,https://www.linkedin.com/jobs/view/client-services-associate-at-sano-4449309138,"Secondary Match via Pipeline | The role fits the operational focus and location requirements, though the 3-5 year experience requirement exceeds the 0-2 year target.",6488e11a-5728-4090-b822-1c03591882ce
2026-08-16 00:00:00,BetaExper Business Consulting,"Import/Export & Warehouse Operations Specialist – Detroit, MI (On-site)",operations@betaexperbusinessconsulting.com [⚠️ Fallback Email],70.0,Watchlist,2026-09-04 00:00:00,https://www.indeed.com/viewjob?jk=8f9594aa90d11af6,"Secondary Match via Pipeline | The role is a strong operations-based fit for Metro Detroit, though it lacks direct application of high-priority technical skills like Python or SQL.",1c9df002-7491-45d3-8d40-b14fb902db4e
2026-08-16 00:00:00,One Detroit Credit Union,Loan Operations Specialist,operations@onedetroitcu.org,65.0,Watchlist,2026-09-04 00:00:00,https://www.jobleads.com/us/job/loan-operations-specialist--detroit--e98d70423e34a15ced7a1edeee13d0695,"Secondary Match via Pipeline | This is a stable, non-sales W-2 operations role in Detroit that aligns with back-office documentation experience, though it lacks the high-priority technical stack.",e668c595-731f-47de-9f69-c53b7547908c
2026-08-16 00:00:00,FlexBoard,Financial Operations Analyst Intermediate /work from home reputed company reputed company/,operations@flexboard.com [⚠️ Fallback Email],65.0,Watchlist,2026-09-04 00:00:00,https://flexboard.9y.liveblog365.com/job/1458578,"Secondary Match via Pipeline | The role aligns with back-office operations and financial data analysis, though the 4-year experience requirement exceeds the 0-2 year target profile.",f9ad18fd-a1b4-4c95-b7e8-6ff5c796fbcf
2026-08-16 00:00:00,Stripe,"Risk Operations Analyst, Financial Crimes",operations@stripe.com,65.0,Watchlist,2026-09-04 00:00:00,https://stripe.com/careers/listing/risk-operations-analyst-financial-crimes/7974209,"Secondary Match via Pipeline | While this is a strong back-office role in FinTech, the 4+ year experience requirement exceeds the target threshold for an early-career candidate.",ee1db78a-720e-47c9-ae82-8ce1b0b08338
2026-08-16 00:00:00,Ramp,AML Operations Analyst,operations@ramp.com,65.0,Watchlist,2026-09-04 00:00:00,https://builtin.com/job/aml-operations-analyst/9535501,"Secondary Match via Pipeline | This role is a strong functional fit for Fintech operations, but the 4-year minimum experience requirement exceeds the 0-2 year target profile.",d7de09d1-dcbf-4ab5-9491-776e7448d7a6
2026-08-17 00:00:00,"Integrated Resources, Inc",Business Systems Analyst II,bizops@integratedresourcesinc.com [⚠️ Fallback Email],100.0,Matched,2026-09-05 00:00:00,https://www.monster.com/job-openings/business-systems-analyst-ii-southfield-mi--22482299-670e-4cf1-b8c1-9e5a096650f0,"Matched via Pipeline | This role aligns with my background in regulatory reporting and system documentation, specifically utilizing my experience with process automation and workflow configuration.",84efa6aa-6cdb-480b-9365-67feb1c6f036
2026-08-17 00:00:00,Jomar Valve,ERP & Data Automation Analyst — Detroit Metro (Hybrid),bizops@jomarvalve.com,100.0,Matched,2026-09-05 00:00:00,https://www.jobleads.com/us/job/erp-data-automation-analyst-detroit-metro-hybrid--warren--e2973c1aa9bf22caddc3fc4f84b6c0d4b,"Matched via Pipeline | The role aligns perfectly with the candidate's background in SQL, data automation, and back-office systems within the Detroit manufacturing sector.",929a04bb-5537-4012-9e6d-b4407c7c0e6a
2026-08-17 00:00:00,Freudenberg Sealing Technologies,Data Analytics Intern,operations@freudenbergsealingtechnologies.com [⚠️ Fallback Email],100.0,Matched,2026-09-05 00:00:00,https://www.linkedin.com/jobs/view/data-analytics-intern-at-freudenberg-sealing-technologies-4451815889,"Matched via Pipeline | The role perfectly aligns with your technical background in Python, SQL, and Power BI within the local Plymouth automotive manufacturing sector.",2ccf7154-e113-4edd-a426-bfa4d0dfb5c7
2026-08-17 00:00:00,Blue Cross Blue Shield of Michigan,Analyst Development Program - Analyst Trainee,operations@bluecrossblueshieldofmichigan.com [⚠️ Fallback Email],97.0,Matched,2026-09-05 00:00:00,"https://www.ziprecruiter.com/c/Blue-Cross-Blue-Shield-of-Michigan/Job/Analyst-Development-Program-Analyst-Trainee/-in-Detroit,MI?jid=39993fd9469847cb",Matched via Pipeline | The role aligns with your background in operational analysis and systems reporting while matching the required technical stack of SQL and Excel.,da3d0bb2-7660-49a2-aab9-44af9bfa684b
2026-08-17 00:00:00,MAIN Financial Group Wealth Management,Client Operations Specialist,operations@mainfinancialgroupwealthmanagement.com [⚠️ Fallback Email],95.0,Matched,2026-09-05 00:00:00,https://www.linkedin.com/jobs/view/client-operations-specialist-at-main-financial-group-wealth-management-4453598680,Matched via Pipeline | The role directly aligns with the candidate's background in Wealth Management operations and hands-on experience with Schwab SAC and Fidelity Wealthscape.,24b38f31-a54b-4eb4-be74-70e9fd66162e
2026-08-17 00:00:00,Neapco,Supply Chain Analyst,operations@neapco.com,75.0,Watchlist,2026-09-05 00:00:00,https://www.linkedin.com/jobs/view/supply-chain-analyst-at-neapco-4442369239,"Secondary Match via Pipeline | The role matches your analytical background and Auto Tech focus, but requires specific ERP experience and domain knowledge in transportation logistics that you haven't directly performed.",4c5ed61f-58f0-4e89-9191-228fc473c33f
2026-08-17 00:00:00,FlexBoard,"Officer II, Global OverOps Finance and Operations Analyst",operations@flexboard.com [⚠️ Fallback Email],75.0,Watchlist,2026-09-05 00:00:00,https://flexboard.9y.liveblog365.com/job/1307168,"Secondary Match via Pipeline | The role matches your background in regulatory reporting and finance operations, though it requires specific knowledge of donor-funded compliance.",5e1899ad-35ed-4c56-ba37-37fb5f0df947
2026-08-17 00:00:00,FlexBoard,Financial Analyst II,operations@flexboard.com [⚠️ Fallback Email],75.0,Watchlist,2026-09-05 00:00:00,https://flexboard.9y.liveblog365.com/job/636909,"Secondary Match via Pipeline | This role aligns with your experience in financial data analysis and Excel reporting, though the industry focus is healthcare rather than FinTech.",3278d4a8-477f-4f80-bce8-341d3ecd5d15
2026-08-17 00:00:00,FlexBoard,Associate Financial Analyst,operations@flexboard.com [⚠️ Fallback Email],75.0,Watchlist,2026-09-05 00:00:00,https://flexboard.9y.liveblog365.com/job/2488658,"Secondary Match via Pipeline | This role aligns with my background in financial data analysis and process improvement, though it is outside my primary focus on FinTech/Wealth management.",03f5eaee-4480-4163-bb1e-c2efa3a1a92c
2026-08-17 00:00:00,Confidential Jobs,WMS Business Analyst: Drive Ops Adoption & Insights,operations@confidentialjobs.com [⚠️ Fallback Email],70.0,Watchlist,2026-09-05 00:00:00,https://www.jobleads.com/us/job/wms-business-analyst-drive-ops-adoption-insights--detroit--ed55c16ef4375fa2401a6ec97442755a9,"Secondary Match via Pipeline | The role matches your technical background in system requirements, data analytics, and operational process automation, though it lacks direct finance industry alignment.",2dafd48d-26e3-4b8e-8e31-901a63f7bab0
2026-08-17 00:00:00,Bedrock Management Services LLC,Financial Analyst (Investment Team),operations@bedrockdetroit.com,70.0,Watchlist,2026-09-05 00:00:00,https://careers.rocket.com/us/en/job/RCARCAUSR084089EXTERNALENUS/Financial-Analyst-Investment-Team,"Secondary Match via Pipeline | The role requires commercial real estate specific experience that falls outside your core fintech background, though your financial modeling and data analysis skills remain highly relevant.",b7b6fb17-27d7-4d49-b0f4-c8e7710cbf30
2026-08-17 00:00:00,KPMG US,Experienced Associate - Global Trade Shared Services - Data Analytics,operations@kpmgus.com [⚠️ Fallback Email],70.0,Watchlist,2026-09-05 00:00:00,https://www.linkedin.com/jobs/view/experienced-associate-global-trade-shared-services-data-analytics-at-kpmg-us-4444865747,"Secondary Match via Pipeline | The role requires data analytics and process improvement skills aligned with your background in SQL, Excel, and compliance, though the specific global trade focus is a departure from your fintech experience.",ab098479-6d71-458f-a7a7-ba38b67bdb25
2026-08-17 00:00:00,"Universal Logistics Holdings, Inc.",Technical Analyst,operations@universallogistics.com,70.0,Watchlist,2026-09-05 00:00:00,https://www.linkedin.com/jobs/view/technical-analyst-at-universal-logistics-holdings-inc-4448994693,"Secondary Match via Pipeline | The role matches your technical documentation and SQL/database background, though the 3-5 year experience requirement is slightly above your current tenure.",2b52330c-d04b-473d-a279-0903f4ea1eee
2026-08-17 00:00:00,remote zest jobs,Finance Operations Analyst(Business Systems Analyst III)/Remote,bizops@remotezest.up.railway.app,70.0,Watchlist,2026-09-05 00:00:00,https://remotezest.up.railway.app/job/finance-operations-analystbusiness-systems-analyst-iiiremote-1,"Secondary Match via Pipeline | The role aligns with my background in financial systems and process automation, though the 4+ year requirement exceeds my current 0-2 year experience window.",e6c5cb3f-4331-4ba9-940d-851ee6e32a63
2026-08-17 00:00:00,PODS,Financial Operations Analyst,operations@pods.com [⚠️ Fallback Email],70.0,Watchlist,2026-09-05 00:00:00,https://www.tealhq.com/job/financial-operations-analyst_7ea1aa8ec4e0c31a417711a27777fce3e36dd,"Secondary Match via Pipeline | The role matches my background in financial reporting and process automation, though the 4-7 year experience requirement exceeds my current 1-2 year tenure.",8f65a24e-15d1-476f-8809-77819d983ff6
2026-08-17 00:00:00,1 point system,FP&A / Oracle EPM Business Analyst,operations@1pointsys.com,70.0,Watchlist,2026-09-05 00:00:00,"https://www.ziprecruiter.com/c/1-point-system/Job/FP&A-Oracle-EPM-Business-Analyst/-in-Remote,US?jid=01fd39de5b6e51ea","Secondary Match via Pipeline | This role aligns with your background in financial data analysis and SQL, though it requires specific Oracle EPM knowledge which you have not yet documented.",350f80a7-419c-4cc0-b8eb-5c922c81929e
2026-08-17 00:00:00,IRONCLAD Powered by Mersino,Account Receivable Compliance Analyst (3114),compliance@mersino.com,65.0,Watchlist,2026-09-05 00:00:00,https://www.linkedin.com/jobs/view/account-receivable-compliance-analyst-3114-at-ironclad-powered-by-mersino-4437481556,"Secondary Match via Pipeline | The role aligns with my background in regulatory reporting and process automation, though it requires more direct collections experience than my current focus.",d6ca5b08-bc59-43ca-8dbf-d8cb32fce8c4
2026-08-17 00:00:00,Henry Ford Health,Coordinator- Business Operations - Eastern Region - Full Time,operations@henryford.com,65.0,Watchlist,2026-09-05 00:00:00,https://www.linkedin.com/jobs/view/coordinator-business-operations-eastern-region-full-time-at-henry-ford-health-4454059920,"Secondary Match via Pipeline | The role aligns with your operations and scheduling experience, though it is more administrative than your technical background in Python and SQL.",7ec10ae8-df34-4d69-8634-32acf13ec8b4
2026-08-17 00:00:00,FlexBoard,Financial Operations Analyst Intermediate /work from home reputed company reputed company/,operations@flexboard.com [⚠️ Fallback Email],65.0,Watchlist,2026-09-05 00:00:00,https://flexboard.9y.liveblog365.com/job/1458578,"Secondary Match via Pipeline | The role matches my background in financial operations and process reconciliation, though it requires four years of experience while I have two.",bede6ecf-59eb-4e1c-8c87-0cbec6d7a696
2026-08-17 00:00:00,FlexBoard,[Remote] Data Risk Operations Analyst,operations@flexboard.com [⚠️ Fallback Email],65.0,Watchlist,2026-09-05 00:00:00,https://flexboard.9y.liveblog365.com/job/2683472,"Secondary Match via Pipeline | The role requires 5+ years of experience which exceeds your early-career profile, though your Python, SQL, and data risk experience are strong technical matches.",7acb768c-159e-43ee-9542-e2b0e086db77
2026-08-17 00:00:00,FlexBoard,Financial Operations Analyst - Evernorth - HYBRID,operations@flexboard.com [⚠️ Fallback Email],65.0,Watchlist,2026-09-05 00:00:00,https://flexboard.9y.liveblog365.com/job/957004,"Secondary Match via Pipeline | The role aligns with your operations and financial reporting background, though the required location in St. Louis conflicts with your Metro Detroit base.",7bc9dec6-ca5f-4798-819c-d90abd0c030e
2026-08-17 00:00:00,remote zest jobs,Financial Analyst- G&A,operations@remotezest.up.railway.app,65.0,Watchlist,2026-09-05 00:00:00,https://remotezest.up.railway.app/job/financial-analyst-ga,"Secondary Match via Pipeline | The role requires 3-5 years of experience which exceeds your background, though your financial operations and analytical modeling skills align with the G&A focus.",9e350fb4-d73b-4e14-b43f-62200d031df2
2026-08-17 00:00:00,Huntington National Bank,FX Operations Analyst,operations@huntington.com,100.0,Matched,2026-09-05 00:00:00,https://www.linkedin.com/jobs/view/fx-operations-analyst-at-huntington-national-bank-4454555093,"Matched via Pipeline | The role matches my experience in financial operations and regulatory compliance, specifically with reconciliations and payment systems.",bb0718dc-8b6d-4560-b5aa-80604e84a8a9
2026-08-17 00:00:00,"Integrated Resources, Inc",Business Systems Analyst II,bizops@integratedresourcesinc.com [⚠️ Fallback Email],100.0,Matched,2026-09-05 00:00:00,https://www.monster.com/job-openings/business-systems-analyst-ii-southfield-mi--22482299-670e-4cf1-b8c1-9e5a096650f0,"Matched via Pipeline | The role focuses on systems analysis and process documentation in Auto Finance, which aligns directly with my background in regulatory reporting and workflow automation.",dfb861aa-710a-42ba-a0a0-48a11d46c237
2026-08-17 00:00:00,Jomar Valve,ERP & Data Automation Analyst — Detroit Metro (Hybrid),bizops@jomarvalve.com,100.0,Matched,2026-09-05 00:00:00,https://www.jobleads.com/us/job/erp-data-automation-analyst-detroit-metro-hybrid--warren--e2973c1aa9bf22caddc3fc4f84b6c0d4b,Matched via Pipeline | The role directly aligns with your SQL and process automation experience within a technical back-office environment in Detroit.,4604f9e9-30d7-45be-bab2-163c490b9327
2026-08-17 00:00:00,MAIN Financial Group Wealth Management,Client Operations Specialist,operations@mainfinancialgroupwealthmanagement.com [⚠️ Fallback Email],95.0,Matched,2026-09-05 00:00:00,https://www.linkedin.com/jobs/view/client-operations-specialist-at-main-financial-group-wealth-management-4453598680,"Matched via Pipeline | This role directly aligns with your experience in Schwab Advisor Center, Fidelity Wealthscape, and back-office operations at Signal Advisors.",31496d3a-202d-407f-a37f-5d9f0d6d6085
2026-08-17 00:00:00,Signal Advisors,"New Business Specialist, Annuities",operations@signaladvisors.com,90.0,Matched,2026-09-05 00:00:00,https://simplify.jobs/p/9701e533-7006-4d03-a7c1-6672229bac98/New-Business-Specialist,Matched via Pipeline | This role aligns with my previous internship at Signal Advisors and utilizes my experience with Schwab SAC and Fidelity Wealthscape to manage back-office insurance workflows.,62edfa38-e327-4abd-a0da-3e35babcb215
2026-08-17 00:00:00,Wealthbox,Remote Customer Success Associate 60k 80k FinTech 23,operations@wealthbox.com,75.0,Watchlist,2026-09-05 00:00:00,https://www.jobilize.com/job/us-mi-all-cities-remote-customer-success-associate-60k-80k-fintech,"Secondary Match via Pipeline | This role aligns with my background in CRM and financial platform workflows, though the client-facing requirements lean closer to the account management side than my preference for operations.",e9a625ed-b808-40e0-9f48-c456fbd910c0
2026-08-17 00:00:00,Penske Logistics,Supply Chain Analyst,operations@penskelogistics.com,75.0,Watchlist,2026-09-05 00:00:00,https://www.linkedin.com/jobs/view/supply-chain-analyst-at-penske-logistics-4450144831,"Secondary Match via Pipeline | The role matches your data analysis and process improvement background, though it is more supply chain focused than your previous fintech experience.",91d7997a-f704-47eb-9496-6706d3a71752
2026-08-17 00:00:00,DRiV,Digital Asset Analyst,operations@driv.com [⚠️ Fallback Email],75.0,Watchlist,2026-09-05 00:00:00,https://www.linkedin.com/jobs/view/digital-asset-analyst-at-driv-4453129013,"Secondary Match via Pipeline | The role aligns with your Detroit location and data management experience, though it requires specific creative software proficiency not in your current toolkit.",607c65d9-8109-44d2-8623-6df1e99bf2d9
2026-08-17 00:00:00,Neapco,Supply Chain Analyst,operations@neapco.com,75.0,Watchlist,2026-09-05 00:00:00,https://www.linkedin.com/jobs/view/supply-chain-analyst-at-neapco-4442369239,"Secondary Match via Pipeline | The role matches your analytical background and Detroit-area focus, though your primary experience is in financial compliance rather than supply chain logistics.",800c06d5-5309-4378-a989-aa36ee81352f
2026-08-17 00:00:00,University of Chicago,Financial and Operations Analyst,operations@uchicago.edu,75.0,Watchlist,2026-09-05 00:00:00,https://uchicago.wd5.myworkdayjobs.com/External/job/Financial-and-Operations-Analyst_JR34727,"Secondary Match via Pipeline | The role matches your background in operational compliance and financial analysis, though it requires specific Oracle/Workday experience you haven't used yet.",45f922a4-e345-44c7-b93e-a702204123dd
2026-08-17 00:00:00,Sano,Client Services Associate,operations@sanogenetics.com,70.0,Watchlist,2026-09-05 00:00:00,https://www.linkedin.com/jobs/view/client-services-associate-at-sano-4449309138,"Secondary Match via Pipeline | The role matches your operations and systems background, though the 3-5 year experience requirement is higher than your current tenure.",f0c5dfa5-c78c-46c1-8772-e343e2d3fa66
2026-08-17 00:00:00,Detroit Medical Center,Revenue Cycle Analyst,operations@detroitmedicalcenter.com [⚠️ Fallback Email],70.0,Watchlist,2026-09-05 00:00:00,https://www.linkedin.com/jobs/view/revenue-cycle-analyst-at-detroit-medical-center-4454536744,"Secondary Match via Pipeline | The role aligns with your background in compliance and operational analysis, though it sits in healthcare rather than your core focus of FinTech.",feb8975f-a0f2-40d6-9451-5c651a11ee05
2026-08-17 00:00:00,Bedrock Management Services LLC,Financial Analyst (Investment Team),operations@bedrockdetroit.com,70.0,Watchlist,2026-09-05 00:00:00,https://careers.rocket.com/us/en/job/RCARCAUSR084089EXTERNALENUS/Financial-Analyst-Investment-Team,"Secondary Match via Pipeline | The role aligns with your analytical and reporting background, though your experience is primarily in fintech and compliance rather than commercial real estate.",9051729f-5f28-40e5-bb34-6fbe063a4c6d
2026-08-17 00:00:00,Morgan Stanley,Client Operations Analyst,operations@morganstanley.com,70.0,Watchlist,2026-09-05 00:00:00,https://bankergigs.com/viewjob/i7drndu8asbb-817825509f0-f1004ccd19b-988e6ec8a9,"Secondary Match via Pipeline | This role aligns with your background in wealth operations and SEC/regulatory compliance, though it leans heavily toward administrative and client-facing service duties.",9a07ccc6-a644-4438-b09e-288148d089d8
2026-08-17 00:00:00,remote zest jobs,Finance Operations Analyst(Business Systems Analyst III)/Remote,bizops@remotezest.up.railway.app,70.0,Watchlist,2026-09-05 00:00:00,https://remotezest.up.railway.app/job/finance-operations-analystbusiness-systems-analyst-iiiremote-1,"Secondary Match via Pipeline | The role aligns with your background in finance operations and SQL, though the 4+ year experience requirement exceeds your 0-2 years of verified experience.",6a632e70-1c88-4829-9c89-23e012d71546
2026-08-17 00:00:00,Henry Ford Health,CBO Business Operation Analyst - Full Time Days - Hybrid (Michigan Residents),operations@henryford.com,65.0,Watchlist,2026-09-05 00:00:00,https://www.linkedin.com/jobs/view/cbo-business-operation-analyst-full-time-days-hybrid-michigan-residents-at-henry-ford-health-4453369898,"Secondary Match via Pipeline | The role aligns with your operations and data analysis background, though it lacks the fintech-specific regulatory exposure you have with SAC and Fidelity.",692873d0-9e6f-42cb-b7b5-e77861e08296
2026-08-17 00:00:00,Henry Ford Health,Coordinator- Business Operations - Eastern Region - Full Time,operations@henryford.com,65.0,Watchlist,2026-09-05 00:00:00,https://www.linkedin.com/jobs/view/coordinator-business-operations-eastern-region-full-time-at-henry-ford-health-4454059920,"Secondary Match via Pipeline | The role aligns with your operations and scheduling experience, though it is more administrative than your technical background in SQL and Python.",f7d22593-5e05-42d4-9dc1-1ab6f2a5e5b4
2026-08-17 00:00:00,FlexBoard,Financial Operations Analyst Intermediate /work from home reputed company reputed company/,operations@flexboard.com [⚠️ Fallback Email],65.0,Watchlist,2026-09-05 00:00:00,https://flexboard.9y.liveblog365.com/job/1458578,"Secondary Match via Pipeline | This role aligns with your background in finance operations and reconciliation, though the four-year experience requirement exceeds your current two-year track.",6c1968ee-8d43-4c34-b445-e1d69ca603d8
2026-08-18 00:00:00,Gentherm,FP&A Analyst,operations@gentherm.com,100.0,Matched,2026-09-06 00:00:00,https://www.linkedin.com/jobs/view/fp-a-analyst-at-gentherm-4445974350,Matched via Pipeline | This role aligns with the candidate's internship background in Total Rewards Finance and technical proficiency in financial modeling and data analysis.,6c9eccc5-11be-481f-b1f1-e7835757bb81
2026-08-18 00:00:00,Freudenberg Sealing Technologies,Data Analytics Intern,operations@freudenbergsealingtechnologies.com [⚠️ Fallback Email],100.0,Matched,2026-09-06 00:00:00,https://www.linkedin.com/jobs/view/data-analytics-intern-at-freudenberg-sealing-technologies-4451815889,"Matched via Pipeline | The role directly aligns with the candidate's verified proficiency in Python, SQL, and Power BI within a local manufacturing and engineering context.",84f5063f-8840-4904-b0e3-2658667c558a
2026-08-18 00:00:00,dSPACE,Financial Analyst,operations@dspace.com [⚠️ Fallback Email],100.0,Matched,2026-09-06 00:00:00,https://www.linkedin.com/jobs/view/financial-analyst-at-dspace-4446851992,Matched via Pipeline | The role aligns with the candidate's internship in total rewards finance and proficiency in Excel and data reporting.,e46308bd-f4bc-444f-9312-83372984d878
2026-08-18 00:00:00,Coric Equipment,Treasury Analyst,operations@coricind.com,98.0,Matched,2026-09-06 00:00:00,https://www.linkedin.com/jobs/view/treasury-analyst-at-coric-equipment-4454453259,"Matched via Pipeline | This role aligns with the candidate's background in Total Rewards finance and Wealth Operations, utilizing relevant skills in Excel, bank reconciliation, and financial reporting.",8181c1b6-27a0-41d9-9538-32197f826000
2026-08-18 00:00:00,MAIN Financial Group Wealth Management,Client Operations Specialist,operations@mainfinancialgroupwealthmanagement.com [⚠️ Fallback Email],95.0,Matched,2026-09-06 00:00:00,https://www.linkedin.com/jobs/view/client-operations-specialist-at-main-financial-group-wealth-management-4453598680,Matched via Pipeline | This role directly aligns with the candidate's existing expertise in wealth operations and proficiency with Schwab and Fidelity custodial systems.,63eb6d64-60aa-4b9f-ab7f-de018abaf10b
2026-08-18 00:00:00,TEKsystems,Operations Analyst,operations@teksystems.com,100.0,Matched,2026-09-06 00:00:00,https://careers.teksystems.com/us/en/job/JP-006175105/Operations-Analyst,Matched via Pipeline | The role directly maps to the candidate's current Wealth Operations experience and proficiency with account opening compliance and systems.,c533e14b-cd95-4f70-9299-726acf29e642
2026-08-18 00:00:00,Credit Acceptance,"Analyst, Analytics - Strategy",operations@creditacceptance.com,97.0,Matched,2026-09-06 00:00:00,https://bebee.com/us/jobs/analyst-analytics-strategy-credit-acceptance-southfield--lifeworq-1eb43dfa-0e5c-4b20-aadf-36880b5bcfea,Matched via Pipeline | This role aligns with the candidate's technical background in SQL and Python and focuses on data-driven business optimization within an auto finance context.,66397d34-b99f-48cf-be3c-ffd667ec842f
2026-08-18 00:00:00,Stellantis Financial Services US,Salesforce Technical Administrator (Hybrid),operations@stellantis.com,97.0,Matched,2026-09-06 00:00:00,https://bebee.com/us/jobs/salesforce-technical-administrator-hybrid-stellantis-financial-services-us-auburn-hills--pureheal-28528_23106_ae96fbb1854df497b14dbb7f408d0358,Matched via Pipeline | The role directly aligns with the candidate's Salesforce administration and backend operations experience in the Auto Tech sector.,0ca4ea5f-72cf-4f5c-a208-0714bf010df5
2026-08-18 00:00:00,MACHINE LEARNING TECHNOLOGIES LLC,Salesforce BA: Process Improvement & UAT Support,operations@machinelearningtechnologiesllc.com [⚠️ Fallback Email],97.0,Matched,2026-09-06 00:00:00,https://bebee.com/us/jobs/salesforce-ba-process-improvement-uat-support-machine-learning-technologies-llc-detroit--pureheal-28528_25298_3dde9c66a07b096b1d5b4d0ac375a201,"Matched via Pipeline | The role requires Salesforce and business process analysis, which directly aligns with my operational and technical background in Detroit.",7d8cb241-2881-45ef-9e68-51c003fbe879
2026-08-18 00:00:00,MAIN Financial Group Wealth Management,Client Operations Specialist,operations@mainfinancialgroupwealthmanagement.com [⚠️ Fallback Email],95.0,Matched,2026-09-06 00:00:00,https://www.linkedin.com/jobs/view/client-operations-specialist-at-main-financial-group-wealth-management-4453598680,"Matched via Pipeline | The role directly maps to Kevin's existing proficiency with Schwab Advisor Center, Fidelity Wealthscape, and DocuSign within a non-sales operations framework.",f224075b-21b8-4b3f-82e5-28ef927328a7
